{
  "Pepperdine86": 88.24789550072569,
  "Santa74": 84.82224706539967,
  "Wesleyan43": 76.83551349846924,
  "Brandeis99": 70.58337609030272,
  "Middlebury45": 81.04715447154472
}
