{
  "Caltech36": 43.3185955786736,
  "Trinity100": 85.72215843857634,
  "Colgate88": 89.05399195864446,
  "Yale4": 94.53252506411751,
  "Stanford3": 97.81085965063248,
  "American75": 68.16849357970561,
  "Johns Hopkins55": 72.04092664092664,
  "Haverford76": 82.41908713692946,
  "MIT8": 78.02857142857142,
  "Oberlin44": 61.583561643835615
}
