{
  "Caltech36": 0.4092943904851723,
  "Trinity100": 0.2903246960045111,
  "Colgate88": 0.2672565827594089,
  "Yale4": 0.2345483492193046,
  "Stanford3": 0.24137046302196152,
  "American75": 0.24017905791113636,
  "Johns Hopkins55": 0.2683930737129351,
  "Haverford76": 0.3229582156709487,
  "MIT8": 0.271218741950132,
  "Oberlin44": 0.2633980385970493
}
