{
  "  Pepperdine86 ": 0.2774445445456963,
  "  Santa74 ": 0.2629665077993378,
  "  Wesleyan43 ": 0.2606824243269916,
  "  Brandeis99 ": 0.2621034275873383,
  "  Middlebury45 ": 0.2816293924364283
}
